01/01/2018,01/07/2018
01/08/2018,01/15/2018
01/15/2018,01/23/2018
01/24/2018,01/31/2018
02/01/2018,02/07/2018
02/08/2018,02/15/2018
02/15/2018,02/23/2018
02/24/2018,02/31/2018
03/01/2018,03/07/2018
03/08/2018,03/15/2018
03/15/2018,03/23/2018
03/24/2018,03/31/2018
04/01/2018,04/07/2018
04/08/2018,04/15/2018
04/15/2018,04/23/2018
04/24/2018,04/31/2018
05/01/2018,05/07/2018
05/08/2018,05/15/2018
05/15/2018,05/23/2018
05/24/2018,05/31/2018
06/01/2018,06/07/2018
06/08/2018,06/15/2018
06/15/2018,06/23/2018
06/24/2018,06/31/2018
07/01/2018,07/07/2018
07/08/2018,07/15/2018
07/15/2018,07/23/2018
07/24/2018,07/31/2018
08/01/2018,08/07/2018
08/08/2018,08/15/2018
08/15/2018,08/23/2018
08/24/2018,08/31/2018
09/01/2018,09/07/2018
09/08/2018,09/15/2018
09/15/2018,09/23/2018
09/24/2018,09/31/2018
10/01/2018,10/07/2018
10/08/2018,10/15/2018
10/15/2018,10/23/2018
10/24/2018,10/31/2018
11/01/2018,11/07/2018
11/08/2018,11/15/2018
11/15/2018,11/23/2018
11/24/2018,11/31/2018
12/01/2018,12/07/2018
12/08/2018,12/15/2018
12/15/2018,12/23/2018
12/24/2018,12/31/2018
01/01/2019,01/07/2019
01/08/2019,01/15/2019
01/15/2019,01/23/2019
01/24/2019,01/31/2019
02/01/2019,02/07/2019
02/08/2019,02/15/2019
02/15/2019,02/23/2019
02/24/2019,02/31/2019
03/01/2019,03/07/2019
03/08/2019,03/15/2019
03/15/2019,03/23/2019
03/24/2019,03/31/2019
04/01/2019,04/07/2019
04/08/2019,04/15/2019
04/15/2019,04/23/2019
04/24/2019,04/31/2019
05/01/2019,05/07/2019
05/08/2019,05/15/2019
05/15/2019,05/23/2019
05/24/2019,05/31/2019
06/01/2019,06/07/2019
06/08/2019,06/15/2019
06/15/2019,06/23/2019
06/24/2019,06/31/2019
07/01/2019,07/07/2019
07/08/2019,07/15/2019
07/15/2019,07/23/2019
07/24/2019,07/31/2019
08/01/2019,08/07/2019
08/08/2019,08/15/2019
08/15/2019,08/23/2019
08/24/2019,08/31/2019
09/01/2019,09/07/2019
09/08/2019,09/15/2019
09/15/2019,09/23/2019
09/24/2019,09/31/2019
10/01/2019,10/07/2019
10/08/2019,10/15/2019
10/15/2019,10/23/2019
10/24/2019,10/31/2019
11/01/2019,11/07/2019
11/08/2019,11/15/2019
11/15/2019,11/23/2019
11/24/2019,11/31/2019
12/01/2019,12/07/2019
12/08/2019,12/15/2019
12/15/2019,12/23/2019
12/24/2019,12/31/2019
01/01/2020,01/07/2020
01/08/2020,01/15/2020
01/15/2020,01/23/2020
01/24/2020,01/31/2020
02/01/2020,02/07/2020
02/08/2020,02/15/2020
02/15/2020,02/23/2020
02/24/2020,02/29/2020
03/01/2020,03/07/2020
03/08/2020,03/15/2020
03/15/2020,03/23/2020
03/24/2020,03/31/2020
04/01/2020,04/07/2020
04/08/2020,04/15/2020
04/15/2020,04/23/2020
04/24/2020,04/31/2020
05/01/2020,05/07/2020
05/08/2020,05/15/2020
05/15/2020,05/23/2020
05/24/2020,05/31/2020
06/01/2020,06/07/2020
06/08/2020,06/15/2020
06/15/2020,06/23/2020
06/24/2020,06/31/2020
07/01/2020,07/07/2020
07/08/2020,07/15/2020
07/15/2020,07/23/2020
07/24/2020,07/31/2020
08/01/2020,08/07/2020
08/08/2020,08/15/2020
08/15/2020,08/23/2020
08/24/2020,08/31/2020
09/01/2020,09/07/2020
09/08/2020,09/15/2020
09/15/2020,09/23/2020
09/24/2020,09/31/2020
10/01/2020,10/07/2020
10/08/2020,10/15/2020
10/15/2020,10/23/2020
10/24/2020,10/31/2020
11/01/2020,11/07/2020
11/08/2020,11/15/2020
11/15/2020,11/23/2020
11/24/2020,11/31/2020
12/01/2020,12/07/2020
12/08/2020,12/15/2020
12/15/2020,12/23/2020
12/24/2020,12/31/2020
01/01/2021,01/07/2021
01/08/2021,01/15/2021
01/15/2021,01/23/2021
01/24/2021,01/31/2021
02/01/2021,02/07/2021
02/08/2021,02/15/2021
02/15/2021,02/23/2021
02/24/2021,02/31/2021
03/01/2021,03/07/2021
03/08/2021,03/15/2021
03/15/2021,03/23/2021
03/24/2021,03/31/2021
04/01/2021,04/07/2021
04/08/2021,04/15/2021
04/15/2021,04/23/2021
04/24/2021,04/31/2021
05/01/2021,05/07/2021
05/08/2021,05/15/2021
05/15/2021,05/23/2021
05/24/2021,05/31/2021
06/01/2021,06/07/2021
06/08/2021,06/15/2021
06/15/2021,06/23/2021
06/24/2021,06/31/2021
07/01/2021,07/07/2021
07/08/2021,07/15/2021
07/15/2021,07/23/2021
07/24/2021,07/31/2021
08/01/2021,08/07/2021
08/08/2021,08/15/2021
08/15/2021,08/23/2021
08/24/2021,08/31/2021
09/01/2021,09/07/2021
09/08/2021,09/15/2021
09/15/2021,09/23/2021
09/24/2021,09/31/2021
10/01/2021,10/07/2021
10/08/2021,10/15/2021
10/15/2021,10/23/2021
10/24/2021,10/31/2021
11/01/2021,11/07/2021
11/08/2021,11/15/2021
11/15/2021,11/23/2021
11/24/2021,11/31/2021
12/01/2021,12/07/2021
12/08/2021,12/15/2021
12/15/2021,12/23/2021
12/24/2021,12/31/2021
