01/16/2019,01/23/2019
02/16/2019,02/23/2019
03/16/2019,03/23/2019
04/16/2019,04/23/2019
05/16/2019,05/23/2019
06/16/2019,06/23/2019
07/16/2019,07/23/2019
08/16/2019,08/23/2019
09/16/2019,09/23/2019
10/16/2019,10/23/2019
11/16/2019,11/23/2019
12/16/2019,12/23/2019
01/16/2020,01/23/2020
02/16/2020,02/23/2020
03/16/2020,03/23/2020
04/16/2020,04/23/2020
05/16/2020,05/23/2020
06/16/2020,06/23/2020
07/16/2020,07/23/2020
08/16/2020,08/23/2020
09/16/2020,09/23/2020
10/16/2020,10/23/2020
11/16/2020,11/23/2020
12/16/2020,12/23/2020
01/16/2021,01/23/2021
02/16/2021,02/23/2021
03/16/2021,03/23/2021
04/16/2021,04/23/2021
05/16/2021,05/23/2021
06/16/2021,06/23/2021
07/16/2021,07/23/2021
